owner_id,id,name
spotify,37i9dQZF1Fa1IIVtEpGUcU,Your Top Songs 2023
jhjlihnd37l95941r5puo1oq7,1uYwzi7CUMXzpQzOhjDyyt,ğŸ”¥ğŸ”¥
spotify,37i9dQZF1DWYMroOc5KTTh,Serotonin
22auvhdoqxfrv4t7stdgfxqha,7vVCCvvUYZJH77YJxFgIWt,mix01
22auvhdoqxfrv4t7stdgfxqha,5kThDxaUCXJULVQ80BAJvb,ğŸ’“
22auvhdoqxfrv4t7stdgfxqha,2qmWUw8WYhv70Ya1V38ZJm,king push 
22h3ytbsiemynrmwzn2g5hh4a,3l5I5Fbkk0V9l7XTUdmQar,VRBO
the_pranksteryt,02kvqdZszk4ubMMQYpO3ge,Songs like the vrbo ad
2267dhow234cnvkhmz6kmzxla,6upohdAsBDKobwi1AEer5R,TÌ·ÌŒÍ„Í„ÌªhÌ¸ÌÌ‹Ì“Ì–Í‡Í‡eÌ¸Ì‡Ì¿ÍƒÌ³Ì­ Ì·Ì¿ÍˆÌ¢ÌŸNÌ¶ÍÌŠÍ›Ì©ÌŸoÌ¶Í‚ÌˆÍÍ™ÍšmÌµÌƒÌÌ¬ÌªÍ•aÌ´Ì‡Ì¥dÌ·Ì•ÍÌ•Ì¼Í“Ìœ
9rn7brfa1vc5yomz3r115w8kf,0bHmCeYImRqGQoGz8clIah,dark electronic music
22auvhdoqxfrv4t7stdgfxqha,5qnEDCNmZHh3ytcxkVhhLE,guitar ses
ji5uillxqnkevezl8pmd73m36,6xsx7jeuU8DNX5OAiI4yeb,silence.
22auvhdoqxfrv4t7stdgfxqha,0MeA0ln6k1AfHcwxZrWQRW,My Shazam Tracks
jzy08xcguv4xn7ynyjejih29d,4cb9mFpVE9q0XPAiPta71y,Highway to hell
22auvhdoqxfrv4t7stdgfxqha,46VkZ8VnuNj5aNeiRvDZi1,dwdm and oadm in this bitch
22auvhdoqxfrv4t7stdgfxqha,2kKq4hHMmlzwiPHksjKi5t,4422
ahadali153,04fVRIxW2you0576bdQTD8,Sad vibes
22auvhdoqxfrv4t7stdgfxqha,68PTjQgLSePzC7oph0r0Zp,eÅ›paÃ±ol
22auvhdoqxfrv4t7stdgfxqha,0Kd5cpmufMcKWioX5HXuE9,ğŸ‘‘
22auvhdoqxfrv4t7stdgfxqha,4clxjD9QarucZ77zTApdhR,Drum&Basssssss
22auvhdoqxfrv4t7stdgfxqha,67uzzjaRqdPsW5DooEX4Nb,soundtrack?
22auvhdoqxfrv4t7stdgfxqha,1j8vbUDZAYTObPjhU1AbP9,Future house in the present
22auvhdoqxfrv4t7stdgfxqha,18LcOabPUmjfoEtfxSfqaF,TB
sushrutaa,2W618R3tM4BnRAO2tnuOsN,daydream
22auvhdoqxfrv4t7stdgfxqha,0NikUEZz08clKau1VzVmvd,ISSATRAP
spotify,37i9dQZF1DZ06evO3K21mU,This Is J. Cole
22auvhdoqxfrv4t7stdgfxqha,6GWL8z07B9X0cGDB5izYFE,otherworldly 
22auvhdoqxfrv4t7stdgfxqha,21fell3EA4oRAthP5Ga61Q,brown_flows
22auvhdoqxfrv4t7stdgfxqha,6d4gIBPCsKuII3kkI8uw9t,chilly willy
22auvhdoqxfrv4t7stdgfxqha,1MipREScdHms6hdxo90z5j,ourtun
22auvhdoqxfrv4t7stdgfxqha,1JJSm8FAIWHX5tcGJnhDxv,flume-eÅ›q
22auvhdoqxfrv4t7stdgfxqha,1lyCpr0AS3iVlA0QVqTG0v,YouTube Picks
22auvhdoqxfrv4t7stdgfxqha,4Wou9cQ3KuIiGiI5Rm84Z3,progressive is the shit
22auvhdoqxfrv4t7stdgfxqha,04cbwEDPkHS3LhN9VUhfqO,Avicheeeeee
22auvhdoqxfrv4t7stdgfxqha,0VEclNCXROWnlIMdGtSKDK,caffeine time ğŸ’Š
22auvhdoqxfrv4t7stdgfxqha,3YFbpwTDY62q8A4U5LQHJU,if my life had background score 
22auvhdoqxfrv4t7stdgfxqha,4qQI1fpREMJXydJU582koq,the better DVLM
22auvhdoqxfrv4t7stdgfxqha,5siQikNEjZuuqBBo1lecEw,um
22auvhdoqxfrv4t7stdgfxqha,219wiq1jp9BirNiD6sxpSU,Liked from Radio
22auvhdoqxfrv4t7stdgfxqha,4GkOfhHfjP2frDsiwdmxCX,hindi damn why
